{"IcoMoonType":"selection","icons":[{"icon":{"paths":["M170.496 409.6l341.504 204.8 512-307.2-512-307.2-512 307.2h512v102.4h-341.504zM0 409.6v409.6l102.4-113.664v-234.496l-102.4-61.44zM512 1024l-358.4-215.040v-307.2l358.4 215.040 358.4-215.040v307.2l-358.4 215.040z"],"attrs":[],"isMulticolor":false,"isMulticolor2":false,"tags":["education"],"grid":20},"attrs":[],"properties":{"id":115,"order":3,"prevSize":20,"code":59762,"name":"education"},"setIdx":16,"setId":4,"iconIdx":114}],"height":1024,"metadata":{"name":"icomoon"},"preferences":{"showGlyphs":true,"showQuickUse":true,"showQuickUse2":true,"showSVGs":true,"fontPref":{"prefix":"icon-","metadata":{"fontFamily":"icomoon"},"metrics":{"emSize":1024,"baseline":6.25,"whitespace":50},"embed":false,"autoHost":false},"imagePref":{"prefix":"icon-","png":true,"useClassSelector":true,"color":0,"bgColor":16777215,"classSelector":".icon","name":"icomoon"},"historySize":50,"showCodes":true,"gridSize":16,"quickUsageToken":{"UntitledProject":"ZWUxOGM0NWYyMDQ0YTUxZTljM2EyZjNhZjI5MjE5ZjEjMSMxNjU4ODk1MDg2IyMjYzdjZDg3ZDUxMTQ4"}}}